,Runs,Mins,BF,4s,6s,SR,Pos,Dismissal,Inns,Opposition,Ground,Start Date,matchtype,year,not_out
0,50,114,72,1,1,69.44,7,run out,2,New Zealand,Manchester,2019-07-09,ODI ,2019,0
2,35,52,33,4,0,106.06,6,caught,1,Bangladesh,Birmingham,2019-07-02,ODI ,2019,0
3,42,54,31,4,1,135.48,6,not out,2,England,Birmingham,2019-06-30,ODI ,2019,1
4,56,99,61,3,2,91.8,6,not out,1,West Indies,Manchester,2019-06-27,ODI ,2019,1
5,28,75,52,3,0,53.84,5,stumped,1,Afghanistan,Southampton,2019-06-22,ODI ,2019,0
6,1,8,2,0,0,50.0,5,caught,1,Pakistan,Manchester,2019-06-16,ODI ,2019,0
7,27,20,14,3,1,192.85,5,caught,1,Australia,The Oval,2019-06-09,ODI ,2019,0
8,34,69,46,2,0,73.91,5,caught,2,South Africa,Southampton,2019-06-05,ODI ,2019,0
9,26,0,42,2,1,61.9,5,bowled,2,Australia,Ranchi,2019-03-08,ODI ,2019,0
10,0,0,1,0,0,0.0,7,caught,1,Australia,Nagpur,2019-03-05,ODI ,2019,0
11,59,0,72,6,1,81.94,5,not out,2,Australia,Hyderabad (Deccan),2019-03-02,ODI ,2019,1
12,40,39,23,3,3,173.91,5,caught,1, Australia,Bengaluru,2019-02-27,T20I,2019,0
13,29,48,37,0,1,78.37,5,not out,1, Australia,Visakhapatnam,2019-02-24,T20I,2019,1
14,2,9,4,0,0,50.0,6,caught,2, New Zealand,Hamilton,2019-02-10,T20I,2019,0
15,20,23,17,1,0,117.64,5,not out,2, New Zealand,Auckland,2019-02-08,T20I,2019,1
16,39,47,31,5,1,125.8,5,caught,2, New Zealand,Wellington,2019-02-06,T20I,2019,0
17,1,13,6,0,0,16.66,5,bowled,1,New Zealand,Wellington,2019-02-03,ODI ,2019,0
18,48,48,33,5,1,145.45,5,not out,1,New Zealand,Mount Maunganui,2019-01-26,ODI ,2019,1
20,87,0,114,6,0,76.31,4,not out,2,Australia,Melbourne,2019-01-18,ODI ,2019,1
21,55,96,54,0,2,101.85,5,not out,2,Australia,Adelaide,2019-01-15,ODI ,2019,1
22,51,110,96,3,1,53.12,5,lbw,2,Australia,Sydney,2019-01-12,ODI ,2019,0
24,23,0,15,2,0,153.33,5,caught,1,West Indies,Brabourne,2018-10-29,ODI ,2018,0
25,7,0,11,0,0,63.63,6,caught,2,West Indies,Pune,2018-10-27,ODI ,2018,0
26,20,31,25,0,1,80.0,5,bowled,1,West Indies,Visakhapatnam,2018-10-24,ODI ,2018,0
28,36,0,67,3,0,53.73,5,caught,2,Bangladesh,Dubai (DSC),2018-09-28,ODI ,2018,0
29,8,0,17,0,0,47.05,4,lbw,2,Afghanistan,Dubai (DSC),2018-09-25,ODI ,2018,0
31,33,0,37,3,0,89.18,4,caught,2,Bangladesh,Dubai (DSC),2018-09-21,ODI ,2018,0
33,0,0,3,0,0,0.0,5,caught,1,Hong Kong,Dubai (DSC),2018-09-18,ODI ,2018,0
34,42,90,66,4,0,63.63,5,caught,1,England,Leeds,2018-07-17,ODI ,2018,0
35,37,0,59,2,0,62.71,6,caught,2,England,Lord's,2018-07-14,ODI ,2018,0
38,32,0,24,5,0,133.33,6,not out,1, England,Cardiff,2018-07-06,T20I,2018,1
40,11,8,5,1,1,220.0,4,caught,1, Ireland,Dublin (Malahide),2018-06-27,T20I,2018,0
41,12,14,11,1,0,109.09,6,caught,1, South Africa,Cape Town,2018-02-24,T20I,2018,0
42,52,43,28,4,3,185.71,6,not out,1, South Africa,Centurion,2018-02-21,T20I,2018,1
43,16,17,11,2,0,145.45,6,bowled,1, South Africa,Johannesburg,2018-02-18,T20I,2018,0
45,13,28,17,1,0,76.47,7,caught,1,South Africa,Gqeberha,2018-02-13,ODI ,2018,0
46,42,66,43,3,1,97.67,6,not out,1,South Africa,Johannesburg,2018-02-10,ODI ,2018,1
47,10,38,22,0,0,45.45,6,caught,1,South Africa,Cape Town,2018-02-07,ODI ,2018,0
49,4,5,3,1,0,133.33,6,not out,2,South Africa,Durban,2018-02-01,ODI ,2018,1
50,16,20,10,2,0,160.0,7,not out,2, Sri Lanka,Wankhede,2017-12-24,T20I,2017,1
51,28,41,21,2,2,133.33,3,bowled,1, Sri Lanka,Indore,2017-12-22,T20I,2017,0
52,39,40,22,4,1,177.27,4,not out,1, Sri Lanka,Cuttack,2017-12-20,T20I,2017,1
54,7,11,5,0,1,140.0,4,lbw,1,Sri Lanka,Mohali,2017-12-13,ODI ,2017,0
55,65,129,87,10,2,74.71,6,caught,1,Sri Lanka,Dharamsala,2017-12-10,ODI ,2017,0
56,0,3,0,0,0,0.0,7,not out,1, New Zealand,Thiruvananthapuram,2017-11-07,T20I,2017,1
57,49,44,37,2,3,132.43,6,caught,2, New Zealand,Rajkot,2017-11-04,T20I,2017,0
58,7,4,2,0,1,350.0,5,not out,1, New Zealand,Delhi,2017-11-01,T20I,2017,1
59,25,29,17,3,0,147.05,5,caught,1,New Zealand,Kanpur,2017-10-29,ODI ,2017,0
60,18,22,21,3,0,85.71,6,not out,2,New Zealand,Pune,2017-10-25,ODI ,2017,1
61,25,54,42,2,0,59.52,6,caught,1,New Zealand,Wankhede,2017-10-22,ODI ,2017,0
62,13,24,16,1,0,81.25,6,stumped,1, Australia,Guwahati,2017-10-10,T20I,2017,0
65,13,12,10,1,1,130.0,7,bowled,2,Australia,Bengaluru,2017-09-28,ODI ,2017,0
66,3,9,6,0,0,50.0,7,not out,2,Australia,Indore,2017-09-24,ODI ,2017,1
67,5,19,10,1,0,50.0,6,caught,1,Australia,Kolkata,2017-09-21,ODI ,2017,0
68,79,152,88,4,2,89.77,6,caught,1,Australia,Chennai,2017-09-17,ODI ,2017,0
69,1,0,1,0,0,100.0,5,not out,2, Sri Lanka,Colombo (RPS),2017-09-06,T20I,2017,1
70,1,0,1,0,0,100.0,6,not out,2,Sri Lanka,Colombo (RPS),2017-09-03,ODI ,2017,1
71,49,0,42,5,1,116.66,7,not out,1,Sri Lanka,Colombo (RPS),2017-08-31,ODI ,2017,1
72,67,0,86,4,1,77.9,6,not out,2,Sri Lanka,Pallekele,2017-08-27,ODI ,2017,1
73,45,0,68,1,0,66.17,6,not out,2,Sri Lanka,Pallekele,2017-08-24,ODI ,2017,1
75,2,0,3,0,0,66.66,5,caught,1, West Indies,Kingston,2017-07-09,T20I,2017,0
77,54,0,114,1,0,47.36,5,caught,2,West Indies,North Sound,2017-07-02,ODI ,2017,0
78,78,0,79,4,2,98.73,5,not out,1,West Indies,North Sound,2017-06-30,ODI ,2017,1
79,13,0,13,1,0,100.0,6,not out,1,West Indies,Port of Spain,2017-06-25,ODI ,2017,1
80,9,0,9,1,0,100.0,5,not out,1,West Indies,Port of Spain,2017-06-23,ODI ,2017,1
81,4,23,16,0,0,25.0,5,caught,2,Pakistan,The Oval,2017-06-18,ODI ,2017,0
84,63,78,52,7,2,121.15,5,caught,1,Sri Lanka,The Oval,2017-06-08,ODI ,2017,0
86,56,56,36,5,2,155.55,4,caught,1, England,Bengaluru,2017-02-01,T20I,2017,0
87,5,16,7,0,0,71.42,6,bowled,1, England,Nagpur,2017-01-29,T20I,2017,0
88,36,47,27,3,0,133.33,5,not out,1, England,Kanpur,2017-01-26,T20I,2017,1
89,25,45,36,1,1,69.44,5,caught,2,England,Kolkata,2017-01-22,ODI ,2017,0
90,134,203,122,10,6,109.83,5,caught,1,England,Cuttack,2017-01-19,ODI ,2017,0
91,6,7,6,1,0,100.0,5,caught,2,England,Pune,2017-01-15,ODI ,2017,0
92,41,64,59,4,1,69.49,4,lbw,1,New Zealand,Visakhapatnam,2016-10-29,ODI ,2016,0
93,11,36,31,0,0,35.48,4,bowled,2,New Zealand,Ranchi,2016-10-26,ODI ,2016,0
94,80,122,91,6,3,87.91,4,caught,2,New Zealand,Mohali,2016-10-23,ODI ,2016,0
95,39,95,65,3,0,60.0,5,caught,2,New Zealand,Delhi,2016-10-20,ODI ,2016,0
96,21,41,24,1,1,87.5,5,run out,2,New Zealand,Dharamsala,2016-10-16,ODI ,2016,0
98,43,53,25,2,2,172.0,5,caught,2, West Indies,Lauderhill,2016-08-27,T20I,2016,0
99,9,19,13,1,0,69.23,6,bowled,1, Zimbabwe,Harare,2016-06-22,T20I,2016,0
101,19,0,17,1,0,111.76,6,not out,2, Zimbabwe,Harare,2016-06-18,T20I,2016,1
105,15,24,9,1,0,166.66,4,not out,1, West Indies,Wankhede,2016-03-31,T20I,2016,1
106,18,29,10,3,0,180.0,6,not out,2, Australia,Mohali,2016-03-27,T20I,2016,1
107,13,29,12,1,0,108.33,6,not out,1, Bangladesh,Bengaluru,2016-03-23,T20I,2016,1
108,13,15,9,0,1,144.44,6,not out,2, Pakistan,Kolkata,2016-03-19,T20I,2016,1
109,30,0,30,1,1,100.0,6,caught,2, New Zealand,Nagpur,2016-03-15,T20I,2016,0
110,20,7,6,1,2,333.33,4,not out,2, Bangladesh,Mirpur,2016-03-06,T20I,2016,1
112,7,7,4,0,1,175.0,7,not out,2, Sri Lanka,Mirpur,2016-03-01,T20I,2016,1
113,7,6,3,1,0,233.33,7,not out,2, Pakistan,Mirpur,2016-02-27,T20I,2016,1
114,8,4,2,0,1,400.0,7,not out,1, Bangladesh,Mirpur,2016-02-24,T20I,2016,1
116,9,0,5,1,0,180.0,6,not out,1, Sri Lanka,Ranchi,2016-02-12,T20I,2016,1
117,2,2,2,0,0,100.0,6,caught,1, Sri Lanka,Pune,2016-02-09,T20I,2016,0
119,14,18,9,2,0,155.55,4,caught,1, Australia,Melbourne,2016-01-29,T20I,2016,0
120,11,3,3,1,1,366.66,5,not out,1, Australia,Adelaide,2016-01-26,T20I,2016,1
121,34,64,42,1,1,80.95,5,caught,2,Australia,Sydney,2016-01-23,ODI ,2016,0
122,0,2,3,0,0,0.0,4,caught,2,Australia,Canberra,2016-01-20,ODI ,2016,0
123,23,23,9,2,2,255.55,5,caught,1,Australia,Melbourne,2016-01-17,ODI ,2016,0
124,11,16,10,0,0,110.0,5,caught,1,Australia,Brisbane,2016-01-15,ODI ,2016,0
125,18,18,13,1,1,138.46,4,caught,1,Australia,Perth,2016-01-12,ODI ,2016,0
126,27,50,29,3,0,93.1,6,bowled,2,South Africa,Wankhede,2015-10-25,ODI ,2015,0
127,15,28,16,1,0,93.75,6,caught,1,South Africa,Chennai,2015-10-22,ODI ,2015,0
128,47,85,61,5,0,77.04,4,caught,2,South Africa,Rajkot,2015-10-18,ODI ,2015,0
129,92,144,86,7,4,106.97,5,not out,1,South Africa,Indore,2015-10-14,ODI ,2015,1
130,31,54,30,1,0,103.33,5,caught,2,South Africa,Kanpur,2015-10-11,ODI ,2015,0
131,5,20,8,0,0,62.5,6,caught,1, South Africa,Cuttack,2015-10-05,T20I,2015,0
132,20,22,12,2,1,166.66,5,not out,1, South Africa,Dharamsala,2015-10-02,T20I,2015,1
133,69,112,77,6,1,89.61,4,caught,1,Bangladesh,Mirpur,2015-06-24,ODI ,2015,0
134,47,112,75,3,0,62.66,4,caught,1,Bangladesh,Mirpur,2015-06-21,ODI ,2015,0
135,5,13,7,0,0,71.42,6,caught,2,Bangladesh,Mirpur,2015-06-18,ODI ,2015,0
136,65,94,65,3,2,100.0,6,run out,2,Australia,Sydney,2015-03-26,ODI ,2015,0
137,6,28,11,0,0,54.54,6,caught,1,Bangladesh,Melbourne,2015-03-19,ODI ,2015,0
138,85,113,76,8,2,111.84,6,not out,2,Zimbabwe,Auckland,2015-03-14,ODI ,2015,1
140,45,96,56,3,1,80.35,6,not out,2,West Indies,Perth,2015-03-06,ODI ,2015,1
142,18,22,11,3,0,163.63,6,caught,1,South Africa,Melbourne,2015-02-22,ODI ,2015,0
143,18,22,13,1,1,138.46,5,caught,1,Pakistan,Adelaide,2015-02-15,ODI ,2015,0
144,17,38,32,3,0,53.12,6,lbw,1,England,Perth,2015-01-30,ODI ,2015,0
146,34,70,61,1,0,55.73,6,caught,1,England,Brisbane,2015-01-20,ODI ,2015,0
147,19,42,31,2,0,61.29,6,bowled,1,Australia,Melbourne,2015-01-18,ODI ,2015,0
148,11,28,23,1,0,47.82,7,caught,2, Australia,Melbourne,2014-12-26,Test,2014,0
149,24,68,39,4,0,61.53,7,not out,4, Australia,Melbourne,2014-12-26,Test,2014,1
150,33,96,53,4,0,62.26,7,caught,1, Australia,Brisbane,2014-12-17,Test,2014,0
151,0,4,2,0,0,0.0,7,lbw,3, Australia,Brisbane,2014-12-17,Test,2014,0
152,6,10,5,0,0,120.0,5,run out,1,West Indies,Dharamsala,2014-10-17,ODI ,2014,0
153,51,66,40,5,1,127.5,6,not out,1,West Indies,Delhi,2014-10-11,ODI ,2014,1
154,8,37,21,0,0,38.09,6,bowled,2,West Indies,Kochi,2014-10-08,ODI ,2014,0
155,27,35,18,2,1,150.0,5,not out,2, England,Birmingham,2014-09-07,T20I,2014,1
156,29,63,42,1,1,69.04,6,caught,2,England,Leeds,2014-09-05,ODI ,2014,0
159,52,94,51,6,0,101.96,6,bowled,1,England,Cardiff,2014-08-27,ODI ,2014,0
160,82,212,140,15,1,58.57,6,caught,1, England,The Oval,2014-08-15,Test,2014,0
161,0,6,5,0,0,0.0,6,caught,3, England,The Oval,2014-08-15,Test,2014,0
162,71,200,133,15,0,53.38,6,caught,1, England,Manchester,2014-08-07,Test,2014,0
163,27,44,22,4,0,122.72,6,caught,3, England,Manchester,2014-08-07,Test,2014,0
164,50,168,113,5,1,44.24,7,caught,2, England,Southampton,2014-07-27,Test,2014,0
165,6,16,11,1,0,54.54,7,caught,4, England,Southampton,2014-07-27,Test,2014,0
166,1,23,17,0,0,5.88,6,caught,1, England,Lord's,2014-07-17,Test,2014,0
167,19,124,86,2,0,22.09,6,caught,3, England,Lord's,2014-07-17,Test,2014,0
168,82,267,152,7,0,53.94,6,run out,1, England,Nottingham,2014-07-09,Test,2014,0
169,11,53,30,2,0,36.66,6,bowled,3, England,Nottingham,2014-07-09,Test,2014,0
170,4,10,7,0,0,57.14,5,not out,1, Sri Lanka,Mirpur,2014-04-06,T20I,2014,1
171,0,3,1,0,0,0.0,6,not out,2, South Africa,Mirpur,2014-04-04,T20I,2014,1
172,24,36,20,1,1,120.0,6,bowled,1, Australia,Mirpur,2014-03-30,T20I,2014,0
173,22,16,12,1,2,183.33,4,not out,2, Bangladesh,Mirpur,2014-03-28,T20I,2014,1
176,68,112,86,9,1,79.06,8,caught,2, New Zealand,Wellington,2014-02-14,Test,2014,0
178,10,44,28,1,0,35.71,7,caught,2, New Zealand,Auckland,2014-02-06,Test,2014,0
179,39,81,41,6,0,95.12,7,bowled,4, New Zealand,Auckland,2014-02-06,Test,2014,0
180,47,79,72,3,0,65.27,6,caught,2,New Zealand,Wellington,2014-01-31,ODI ,2014,0
181,79,111,73,6,3,108.21,5,not out,1,New Zealand,Hamilton,2014-01-28,ODI ,2014,1
182,50,79,60,2,3,83.33,6,caught,2,New Zealand,Auckland,2014-01-25,ODI ,2014,0
183,56,81,44,7,1,127.27,5,caught,2,New Zealand,Hamilton,2014-01-22,ODI ,2014,0
184,40,72,46,2,2,86.95,6,caught,2,New Zealand,Napier,2014-01-19,ODI ,2014,0
185,24,57,40,3,0,60.0,7,caught,1, South Africa,Durban,2013-12-26,Test,2013,0
186,15,47,29,2,0,51.72,7,caught,3, South Africa,Durban,2013-12-26,Test,2013,0
187,19,104,72,3,0,26.38,7,caught,1, South Africa,Johannesburg,2013-12-18,Test,2013,0
188,29,65,44,3,0,65.9,7,caught,3, South Africa,Johannesburg,2013-12-18,Test,2013,0
190,19,43,31,0,0,61.29,6,caught,2,South Africa,Durban,2013-12-08,ODI ,2013,0
191,65,125,71,8,1,91.54,6,bowled,2,South Africa,Johannesburg,2013-12-05,ODI ,2013,0
192,23,48,23,3,0,100.0,6,not out,2,West Indies,Kanpur,2013-11-27,ODI ,2013,1
193,51,61,40,3,4,127.5,6,not out,1,West Indies,Visakhapatnam,2013-11-24,ODI ,2013,1
194,13,14,7,3,0,185.71,6,not out,2,West Indies,Kochi,2013-11-21,ODI ,2013,1
195,4,15,10,0,0,40.0,7,caught,2, West Indies,Wankhede,2013-11-14,Test,2013,0
196,42,77,63,5,0,66.66,7,caught,2, West Indies,Kolkata,2013-11-06,Test,2013,0
197,62,73,38,7,2,163.15,6,run out,1,Australia,Bengaluru,2013-11-02,ODI ,2013,0
198,25,35,23,2,0,108.69,6,not out,2,Australia,Nagpur,2013-10-30,ODI ,2013,1
200,139,169,121,12,5,114.87,6,not out,1,Australia,Mohali,2013-10-19,ODI ,2013,1
202,19,52,22,2,0,86.36,6,bowled,2,Australia,Pune,2013-10-13,ODI ,2013,0
203,24,44,21,2,0,114.28,6,not out,2, Australia,Rajkot,2013-10-10,T20I,2013,1
204,45,98,52,5,2,86.53,6,not out,2,Sri Lanka,Port of Spain,2013-07-11,ODI ,2013,1
205,27,66,35,1,0,77.14,6,bowled,1,West Indies,Kingston,2013-06-30,ODI ,2013,0
206,0,3,4,0,0,0.0,6,caught,1,England,Birmingham,2013-06-23,ODI ,2013,0
210,27,42,26,3,0,103.84,5,caught,1,South Africa,Cardiff,2013-06-06,ODI ,2013,0
211,24,41,23,2,0,104.34,6,caught,2, Australia,Delhi,2013-03-22,Test,2013,0
212,12,20,14,2,0,85.71,6,not out,4, Australia,Delhi,2013-03-22,Test,2013,1
213,4,2,3,1,0,133.33,6,lbw,2, Australia,Mohali,2013-03-14,Test,2013,0
214,18,37,28,3,0,64.28,5,not out,4, Australia,Mohali,2013-03-14,Test,2013,1
215,44,61,43,8,0,102.32,6,caught,2, Australia,Hyderabad (Deccan),2013-03-02,Test,2013,0
216,224,365,265,24,6,84.52,6,caught,2, Australia,Chennai,2013-02-22,Test,2013,0
218,15,38,23,2,0,65.21,6,lbw,1,England,Dharamsala,2013-01-27,ODI ,2013,0
219,19,49,21,2,0,90.47,6,caught,2,England,Mohali,2013-01-23,ODI ,2013,0
220,10,12,12,2,0,83.33,5,not out,2,England,Ranchi,2013-01-19,ODI ,2013,1
221,72,117,66,7,2,109.09,6,caught,1,England,Kochi,2013-01-15,ODI ,2013,0
222,32,54,25,0,4,128.0,6,caught,2,England,Rajkot,2013-01-11,ODI ,2013,0
223,36,77,55,1,3,65.45,6,caught,1,Pakistan,Delhi,2013-01-06,ODI ,2013,0
224,54,121,89,4,1,60.67,6,not out,2,Pakistan,Kolkata,2013-01-03,ODI ,2013,1
225,113,177,125,7,3,90.4,7,not out,1,Pakistan,Chennai,2012-12-30,ODI ,2012,1
226,33,39,23,4,0,143.47,5,bowled,1, Pakistan,Ahmedabad,2012-12-28,T20I,2012,0
227,1,7,2,0,0,50.0,5,bowled,1, Pakistan,Bengaluru,2012-12-25,T20I,2012,0
228,38,23,18,3,2,211.11,7,caught,1, England,Wankhede,2012-12-22,T20I,2012,0
229,24,29,21,2,0,114.28,6,not out,2, England,Pune,2012-12-20,T20I,2012,1
230,99,398,246,8,1,40.24,6,run out,2, England,Nagpur,2012-12-13,Test,2012,0
231,52,158,114,5,2,45.61,7,caught,1, England,Kolkata,2012-12-05,Test,2012,0
232,0,5,3,0,0,0.0,7,caught,3, England,Kolkata,2012-12-05,Test,2012,0
233,29,86,64,4,0,45.31,7,caught,1, England,Wankhede,2012-11-23,Test,2012,0
234,6,15,17,0,0,35.29,7,caught,3, England,Wankhede,2012-11-23,Test,2012,0
235,5,38,37,0,0,13.51,7,bowled,1, England,Ahmedabad,2012-11-15,Test,2012,0
237,23,20,13,3,0,176.92,7,not out,1, South Africa,Colombo (RPS),2012-10-02,T20I,2012,1
239,15,21,21,2,0,71.42,7,caught,1, Australia,Colombo (RPS),2012-09-28,T20I,2012,0
240,9,23,8,1,0,112.5,5,caught,1, England,Colombo (RPS),2012-09-23,T20I,2012,0
241,18,21,9,2,1,200.0,6,not out,1, Afghanistan,Colombo (RPS),2012-09-19,T20I,2012,1
242,22,31,23,2,0,95.65,5,not out,2, New Zealand,Chennai,2012-09-11,T20I,2012,1
243,62,170,94,8,2,65.95,7,lbw,2, New Zealand,Bengaluru,2012-08-31,Test,2012,0
244,48,94,60,3,2,80.0,7,not out,4, New Zealand,Bengaluru,2012-08-31,Test,2012,1
245,73,210,147,6,1,49.65,7,caught,1, New Zealand,Hyderabad (Deccan),2012-08-23,Test,2012,0
246,16,13,14,2,0,114.28,5,not out,1, Sri Lanka,Pallekele,2012-08-07,T20I,2012,1
247,58,57,38,8,1,152.63,7,caught,1,Sri Lanka,Pallekele,2012-08-04,ODI ,2012,0
249,31,60,49,1,0,63.26,4,bowled,2,Sri Lanka,Colombo (RPS),2012-07-28,ODI ,2012,0
250,11,26,16,2,0,68.75,6,caught,1,Sri Lanka,Hambantota,2012-07-24,ODI ,2012,0
251,35,49,29,3,1,120.68,6,caught,1,Sri Lanka,Hambantota,2012-07-21,ODI ,2012,0
253,4,4,1,1,0,400.0,6,not out,2,Pakistan,Mirpur,2012-03-18,ODI ,2012,1
254,21,20,11,2,0,190.9,5,not out,1,Bangladesh,Mirpur,2012-03-16,ODI ,2012,1
255,46,38,26,6,1,176.92,4,not out,1,Sri Lanka,Mirpur,2012-03-13,ODI ,2012,1
257,14,68,49,0,0,28.57,6,lbw,2,Australia,Sydney,2012-02-26,ODI ,2012,0
258,56,115,84,2,1,66.66,6,caught,2,Australia,Brisbane,2012-02-19,ODI ,2012,0
259,58,113,69,3,1,84.05,6,not out,2,Sri Lanka,Adelaide,2012-02-14,ODI ,2012,1
260,44,76,58,0,1,75.86,6,not out,2,Australia,Adelaide,2012-02-12,ODI ,2012,1
261,4,6,5,1,0,80.0,6,caught,2,Sri Lanka,Perth,2012-02-08,ODI ,2012,0
262,29,61,38,1,0,76.31,6,caught,2,Australia,Melbourne,2012-02-05,ODI ,2012,0
263,21,26,18,2,0,116.66,4,not out,2, Australia,Melbourne,2012-02-03,T20I,2012,1
264,48,55,43,1,3,111.62,6,not out,2, Australia,Sydney,2012-02-01,T20I,2012,1
265,12,30,22,2,0,54.54,7,caught,1, Australia,Perth,2012-01-13,Test,2012,0
266,2,20,16,0,0,12.5,7,caught,3, Australia,Perth,2012-01-13,Test,2012,0
267,57,101,77,8,0,74.02,7,not out,1, Australia,Sydney,2012-01-03,Test,2012,1
268,2,11,11,0,0,18.18,7,caught,3, Australia,Sydney,2012-01-03,Test,2012,0
269,6,13,8,0,0,75.0,8,caught,2, Australia,Melbourne,2011-12-26,Test,2011,0
270,23,88,44,0,1,52.27,7,bowled,4, Australia,Melbourne,2011-12-26,Test,2011,0
271,8,30,21,1,0,38.09,7,bowled,2, West Indies,Wankhede,2011-11-22,Test,2011,0
272,13,45,37,1,0,35.13,7,caught,4, West Indies,Wankhede,2011-11-22,Test,2011,0
273,144,181,175,10,5,82.28,8,caught,1, West Indies,Kolkata,2011-11-14,Test,2011,0
274,0,3,4,0,0,0.0,7,bowled,2, West Indies,Delhi,2011-11-06,Test,2011,0
275,0,5,4,0,0,0.0,7,not out,4, West Indies,Delhi,2011-11-06,Test,2011,1
276,21,44,26,0,1,80.76,6,run out,1, England,Kolkata,2011-10-29,T20I,2011,0
277,75,103,69,3,4,108.69,6,not out,1,England,Kolkata,2011-10-25,ODI ,2011,1
278,15,0,18,1,1,83.33,6,not out,2,England,Wankhede,2011-10-23,ODI ,2011,1
279,35,53,31,3,0,112.9,6,not out,2,England,Mohali,2011-10-20,ODI ,2011,1
281,87,104,70,10,1,124.28,6,not out,1,England,Hyderabad (Deccan),2011-10-14,ODI ,2011,1
282,50,35,26,5,2,192.3,6,not out,1,England,Cardiff,2011-09-16,ODI ,2011,1
283,78,110,71,6,3,109.85,6,not out,1,England,Lord's,2011-09-11,ODI ,2011,1
284,69,142,103,5,0,66.99,6,caught,1,England,The Oval,2011-09-09,ODI ,2011,0
285,6,9,5,1,0,120.0,6,caught,1,England,Southampton,2011-09-06,ODI ,2011,0
286,33,41,36,2,0,91.66,7,caught,1,England,Chester-le-Street,2011-09-03,ODI ,2011,0
287,8,15,8,1,0,100.0,7,caught,1, England,Manchester,2011-08-31,T20I,2011,0
288,17,52,50,2,0,34.0,7,caught,2, England,The Oval,2011-08-18,Test,2011,0
289,3,34,19,0,0,15.78,7,caught,3, England,The Oval,2011-08-18,Test,2011,0
290,77,119,96,10,3,80.2,7,caught,1, England,Birmingham,2011-08-10,Test,2011,0
291,74,121,79,13,0,93.67,7,not out,3, England,Birmingham,2011-08-10,Test,2011,1
292,5,8,9,1,0,55.55,7,caught,2, England,Nottingham,2011-07-29,Test,2011,0
293,0,1,1,0,0,0.0,7,lbw,4, England,Nottingham,2011-07-29,Test,2011,0
294,28,102,103,2,0,27.18,7,caught,2, England,Lord's,2011-07-21,Test,2011,0
295,16,77,49,2,0,32.65,7,caught,4, England,Lord's,2011-07-21,Test,2011,0
296,74,208,133,4,0,55.63,7,caught,2, West Indies,Roseau,2011-07-06,Test,2011,0
298,2,17,13,0,0,15.38,7,caught,1, West Indies,Bridgetown,2011-06-28,Test,2011,0
299,5,14,14,0,0,35.71,7,caught,3, West Indies,Bridgetown,2011-06-28,Test,2011,0
300,0,9,2,0,0,0.0,7,caught,1, West Indies,Kingston,2011-06-20,Test,2011,0
301,16,15,16,1,1,100.0,7,caught,3, West Indies,Kingston,2011-06-20,Test,2011,0
302,91,128,79,8,2,115.18,5,not out,2,Sri Lanka,Wankhede,2011-04-02,ODI ,2011,1
303,25,64,42,2,0,59.52,6,lbw,1,Pakistan,Mohali,2011-03-30,ODI ,2011,0
304,7,19,8,1,0,87.5,6,caught,2,Australia,Ahmedabad,2011-03-24,ODI ,2011,0
305,22,41,30,1,0,73.33,5,stumped,1,West Indies,Chennai,2011-03-20,ODI ,2011,0
306,12,37,21,0,0,57.14,6,not out,1,South Africa,Nagpur,2011-03-12,ODI ,2011,1
307,19,56,40,2,0,47.5,7,not out,2,Netherlands,Delhi,2011-03-09,ODI ,2011,1
308,34,68,50,2,0,68.0,6,lbw,2,Ireland,Bengaluru,2011-03-06,ODI ,2011,0
309,31,38,25,3,1,124.0,5,caught,1,England,Bengaluru,2011-02-27,ODI ,2011,0
311,5,11,10,1,0,50.0,4,caught,2,South Africa,Centurion,2011-01-23,ODI ,2011,0
312,2,9,8,0,0,25.0,6,caught,2,South Africa,Gqeberha,2011-01-21,ODI ,2011,0
313,5,15,12,1,0,41.66,5,caught,2,South Africa,Cape Town,2011-01-18,ODI ,2011,0
314,38,101,61,1,0,62.29,5,bowled,1,South Africa,Johannesburg,2011-01-15,ODI ,2011,0
315,25,48,35,1,0,71.42,6,run out,2,South Africa,Durban,2011-01-12,ODI ,2011,0
316,10,19,11,0,0,90.9,7,not out,1, South Africa,Durban,2011-01-09,T20I,2011,1
317,0,9,3,0,0,0.0,7,caught,2, South Africa,Cape Town,2011-01-02,Test,2011,0
319,35,108,57,3,1,61.4,7,caught,1, South Africa,Durban,2010-12-26,Test,2010,0
320,21,52,35,4,0,60.0,7,caught,3, South Africa,Durban,2010-12-26,Test,2010,0
321,33,87,50,2,2,66.0,7,lbw,1, South Africa,Centurion,2010-12-16,Test,2010,0
322,90,178,106,14,0,84.9,8,caught,3, South Africa,Centurion,2010-12-16,Test,2010,0
323,98,220,156,12,1,62.82,7,caught,2, New Zealand,Nagpur,2010-11-20,Test,2010,0
324,14,25,21,1,0,66.66,7,caught,2, New Zealand,Hyderabad (Deccan),2010-11-12,Test,2010,0
326,10,16,9,0,1,111.11,7,caught,1, New Zealand,Ahmedabad,2010-11-04,Test,2010,0
327,22,97,72,1,0,30.55,7,bowled,3, New Zealand,Ahmedabad,2010-11-04,Test,2010,0
328,0,3,1,0,0,0.0,6,bowled,2,Australia,Visakhapatnam,2010-10-20,ODI ,2010,0
329,30,133,87,3,0,34.48,7,caught,2, Australia,Bengaluru,2010-10-09,Test,2010,0
331,14,25,28,1,1,50.0,7,caught,2, Australia,Mohali,2010-10-01,Test,2010,0
332,2,19,14,0,0,14.28,8,run out,4, Australia,Mohali,2010-10-01,Test,2010,0
333,67,140,100,5,1,67.0,5,bowled,2,Sri Lanka,Dambulla,2010-08-28,ODI ,2010,0
334,38,96,75,3,0,50.66,6,caught,1,New Zealand,Dambulla,2010-08-25,ODI ,2010,0
335,10,0,16,2,0,62.5,6,caught,1,Sri Lanka,Dambulla,2010-08-22,ODI ,2010,0
336,23,56,38,2,0,60.52,6,not out,2,Sri Lanka,Dambulla,2010-08-16,ODI ,2010,1
337,2,14,9,0,0,22.22,6,run out,2,New Zealand,Dambulla,2010-08-10,ODI ,2010,0
338,15,48,30,1,0,50.0,7,caught,2, Sri Lanka,Colombo (PSS),2010-08-03,Test,2010,0
340,76,164,138,7,0,55.07,7,caught,2, Sri Lanka,Colombo (SSC),2010-07-26,Test,2010,0
341,33,64,47,4,0,70.21,7,bowled,2, Sri Lanka,Galle,2010-07-18,Test,2010,0
342,4,7,5,1,0,80.0,7,bowled,3, Sri Lanka,Galle,2010-07-18,Test,2010,0
343,38,51,50,2,1,76.0,4,caught,1,Sri Lanka,Dambulla,2010-06-24,ODI ,2010,0
344,41,59,53,6,0,77.35,6,run out,1,Sri Lanka,Dambulla,2010-06-22,ODI ,2010,0
345,56,91,71,2,1,78.87,4,bowled,2,Pakistan,Dambulla,2010-06-19,ODI ,2010,0
346,38,63,45,3,1,84.44,5,not out,2,Bangladesh,Dambulla,2010-06-16,ODI ,2010,1
347,23,43,19,0,1,121.05,4,not out,1, Sri Lanka,Gros Islet,2010-05-11,T20I,2010,1
348,29,30,18,2,2,161.11,6,run out,2, West Indies,Bridgetown,2010-05-09,T20I,2010,0
349,2,10,8,0,0,25.0,6,caught,2, Australia,Bridgetown,2010-05-07,T20I,2010,0
350,16,6,6,1,1,266.66,6,not out,1, South Africa,Gros Islet,2010-05-02,T20I,2010,1
351,15,2,6,0,2,250.0,5,not out,2, Afghanistan,Gros Islet,2010-05-01,T20I,2010,1
352,9,0,7,0,1,128.57,5,caught,2,South Africa,Ahmedabad,2010-02-27,ODI ,2010,0
353,68,37,35,7,4,194.28,5,not out,1,South Africa,Gwalior,2010-02-24,ODI ,2010,1
354,26,0,29,2,0,89.65,4,caught,1,South Africa,Jaipur,2010-02-21,ODI ,2010,0
355,132,272,187,12,3,70.58,8,not out,2, South Africa,Kolkata,2010-02-14,Test,2010,1
356,6,46,29,1,0,20.68,6,caught,2, South Africa,Nagpur,2010-02-06,Test,2010,0
357,25,144,112,3,0,22.32,6,caught,3, South Africa,Nagpur,2010-02-06,Test,2010,0
358,89,170,167,9,2,53.29,6,stumped,2, Bangladesh,Mirpur,2010-01-24,Test,2010,0
360,14,23,19,3,0,73.68,5,caught,1,Sri Lanka,Mirpur,2010-01-13,ODI ,2010,0
361,32,53,35,3,0,91.42,5,caught,2,Bangladesh,Mirpur,2010-01-11,ODI ,2010,0
363,101,167,107,9,0,94.39,5,not out,2,Bangladesh,Mirpur,2010-01-07,ODI ,2010,1
364,37,85,70,3,0,52.85,5,caught,1,Sri Lanka,Mirpur,2010-01-05,ODI ,2010,0
366,107,135,111,8,2,96.39,5,caught,1,Sri Lanka,Nagpur,2009-12-18,ODI ,2009,0
367,72,78,53,7,3,135.84,3,caught,1,Sri Lanka,Rajkot,2009-12-15,ODI ,2009,0
368,46,55,28,3,2,164.28,3,bowled,2, Sri Lanka,Mohali,2009-12-12,T20I,2009,0
369,9,0,12,0,0,75.0,3,caught,2, Sri Lanka,Nagpur,2009-12-09,T20I,2009,0
370,100,154,154,3,6,64.93,7,not out,2, Sri Lanka,Brabourne,2009-12-02,Test,2009,1
371,4,16,15,0,0,26.66,7,bowled,1, Sri Lanka,Kanpur,2009-11-24,Test,2009,0
372,110,200,159,10,1,69.18,7,caught,1, Sri Lanka,Ahmedabad,2009-11-16,Test,2009,0
374,24,97,77,1,0,31.16,5,lbw,1,Australia,Guwahati,2009-11-08,ODI ,2009,0
375,6,17,15,0,0,40.0,5,caught,2,Australia,Hyderabad (Deccan),2009-11-05,ODI ,2009,0
376,26,58,46,2,0,56.52,5,caught,2,Australia,Mohali,2009-11-02,ODI ,2009,0
377,71,153,95,6,0,74.73,5,not out,2,Australia,Delhi,2009-10-31,ODI ,2009,1
378,124,141,107,9,3,115.88,5,caught,1,Australia,Nagpur,2009-10-28,ODI ,2009,0
379,34,75,46,4,0,73.91,5,caught,2,Australia,Vadodara,2009-10-25,ODI ,2009,0
382,3,8,9,0,0,33.33,5,lbw,2,Pakistan,Centurion,2009-09-26,ODI ,2009,0
383,56,82,62,3,0,90.32,3,caught,1,Sri Lanka,Colombo (RPS),2009-09-14,ODI ,2009,0
384,8,24,18,0,0,44.44,6,bowled,2,Sri Lanka,Colombo (RPS),2009-09-12,ODI ,2009,0
385,35,86,65,4,0,53.84,5,not out,2,New Zealand,Colombo (RPS),2009-09-11,ODI ,2009,1
387,46,50,34,2,1,135.29,3,not out,2,West Indies,Gros Islet,2009-07-03,ODI ,2009,1
388,95,201,130,6,2,73.07,5,bowled,1,West Indies,Kingston,2009-06-28,ODI ,2009,0
389,41,81,46,2,1,89.13,5,run out,1,West Indies,Kingston,2009-06-26,ODI ,2009,0
390,5,11,12,0,0,41.66,5,run out,2, South Africa,Nottingham,2009-06-16,T20I,2009,0
391,30,33,20,3,0,150.0,6,not out,2, England,Lord's,2009-06-14,T20I,2009,1
392,11,24,23,0,0,47.82,5,caught,1, West Indies,Lord's,2009-06-12,T20I,2009,0
393,14,9,13,1,0,107.69,3,caught,2, Ireland,Nottingham,2009-06-10,T20I,2009,0
394,26,26,21,0,1,123.8,3,bowled,1, Bangladesh,Nottingham,2009-06-06,T20I,2009,0
395,52,106,89,6,1,58.42,7,caught,1, New Zealand,Wellington,2009-04-03,Test,2009,0
396,56,0,83,8,0,67.46,7,not out,3, New Zealand,Wellington,2009-04-03,Test,2009,1
397,47,143,123,7,0,38.21,7,caught,2, New Zealand,Hamilton,2009-03-18,Test,2009,0
399,9,19,21,1,0,42.85,6,bowled,1,New Zealand,Auckland,2009-03-14,ODI ,2009,0
401,68,76,58,5,2,117.24,5,caught,1,New Zealand,Christchurch,2009-03-08,ODI ,2009,0
402,23,0,19,2,0,121.05,5,not out,1,New Zealand,Wellington,2009-03-06,ODI ,2009,1
403,84,120,89,6,0,94.38,3,not out,1,New Zealand,Napier,2009-03-03,ODI ,2009,1
404,28,57,30,2,0,93.33,5,not out,1, New Zealand,Wellington,2009-02-27,T20I,2009,1
405,2,5,6,0,0,33.33,6,bowled,1, New Zealand,Christchurch,2009-02-25,T20I,2009,0
406,13,17,17,1,0,76.47,5,bowled,2, Sri Lanka,Colombo (RPS),2009-02-10,T20I,2009,0
407,53,85,58,1,2,91.37,6,caught,2,Sri Lanka,Colombo (RPS),2009-02-08,ODI ,2009,0
408,94,140,96,4,2,97.91,3,caught,1,Sri Lanka,Colombo (RPS),2009-02-05,ODI ,2009,0
409,35,70,45,1,0,77.77,5,not out,1,Sri Lanka,Colombo (RPS),2009-02-03,ODI ,2009,1
410,23,55,35,0,0,65.71,6,caught,1,Sri Lanka,Colombo (RPS),2009-01-31,ODI ,2009,0
411,61,85,65,5,0,93.84,5,not out,2,Sri Lanka,Dambulla,2009-01-28,ODI ,2009,1
412,29,101,73,3,0,39.72,7,caught,1, England,Mohali,2008-12-19,Test,2008,0
413,0,6,2,0,0,0.0,7,caught,3, England,Mohali,2008-12-19,Test,2008,0
414,53,162,82,5,0,64.63,7,caught,2, England,Chennai,2008-12-11,Test,2008,0
416,50,87,61,5,0,81.96,4,lbw,2,England,Cuttack,2008-11-26,ODI ,2008,0
417,9,5,5,0,1,180.0,5,bowled,1,England,Bengaluru,2008-11-23,ODI ,2008,0
418,29,70,51,4,0,56.86,6,not out,2,England,Kanpur,2008-11-20,ODI ,2008,1
419,15,31,26,1,0,57.69,6,bowled,1,England,Indore,2008-11-17,ODI ,2008,0
420,39,46,32,3,1,121.87,6,bowled,1,England,Rajkot,2008-11-14,ODI ,2008,0
421,56,158,97,4,0,57.73,7,bowled,1, Australia,Nagpur,2008-11-06,Test,2008,0
422,55,117,81,4,0,67.9,7,caught,3, Australia,Nagpur,2008-11-06,Test,2008,0
423,27,30,29,4,1,93.1,7,caught,1, Australia,Delhi,2008-10-29,Test,2008,0
425,92,176,124,8,4,74.19,8,lbw,1, Australia,Mohali,2008-10-17,Test,2008,0
426,68,107,84,3,1,80.95,3,not out,3, Australia,Mohali,2008-10-17,Test,2008,1
427,9,65,51,0,0,17.64,7,bowled,2, Australia,Bengaluru,2008-10-09,Test,2008,0
429,1,17,7,0,0,14.28,6,bowled,2,Sri Lanka,Colombo (RPS),2008-08-29,ODI ,2008,0
430,71,104,80,4,0,88.75,5,caught,1,Sri Lanka,Colombo (RPS),2008-08-27,ODI ,2008,0
431,76,99,80,8,0,95.0,6,caught,1,Sri Lanka,Colombo (RPS),2008-08-24,ODI ,2008,0
432,39,88,54,3,0,72.22,5,bowled,2,Sri Lanka,Dambulla,2008-08-20,ODI ,2008,0
433,6,30,28,0,0,21.42,6,caught,1,Sri Lanka,Dambulla,2008-08-18,ODI ,2008,0
434,49,104,74,4,0,66.21,5,caught,2,Sri Lanka,Karachi,2008-07-06,ODI ,2008,0
435,67,78,62,5,1,108.06,4,bowled,2,Sri Lanka,Karachi,2008-07-03,ODI ,2008,0
436,76,150,96,4,0,79.16,5,caught,1,Pakistan,Karachi,2008-07-02,ODI ,2008,0
438,26,38,30,0,1,86.66,5,not out,2,Pakistan,Karachi,2008-06-26,ODI ,2008,1
439,109,121,96,6,6,113.54,4,not out,1,Hong Kong,Karachi,2008-06-25,ODI ,2008,1
440,64,95,59,3,2,108.47,7,caught,2,Pakistan,Mirpur,2008-06-14,ODI ,2008,0
442,24,23,23,5,0,104.34,6,lbw,1,Pakistan,Mirpur,2008-06-10,ODI ,2008,0
443,32,74,54,5,0,59.25,7,stumped,2, South Africa,Kanpur,2008-04-11,Test,2008,0
445,14,33,22,3,0,63.63,6,caught,1, South Africa,Ahmedabad,2008-04-03,Test,2008,0
446,52,200,132,5,0,39.39,6,caught,3, South Africa,Ahmedabad,2008-04-03,Test,2008,0
447,16,49,33,2,0,48.48,7,caught,2, South Africa,Chennai,2008-03-26,Test,2008,0
448,36,52,37,2,1,97.29,5,caught,1,Australia,Brisbane,2008-03-04,ODI ,2008,0
449,15,21,12,3,0,125.0,6,not out,2,Australia,Sydney,2008-03-02,ODI ,2008,1
451,36,84,66,4,0,54.54,6,caught,2,Australia,Sydney,2008-02-24,ODI ,2008,0
452,50,140,68,0,0,73.52,6,not out,2,Sri Lanka,Adelaide,2008-02-19,ODI ,2008,1
453,37,97,50,1,0,74.0,6,run out,2,Australia,Adelaide,2008-02-17,ODI ,2008,0
454,31,33,26,3,0,119.23,5,run out,1,Sri Lanka,Canberra,2008-02-12,ODI ,2008,0
455,17,72,54,0,0,31.48,7,not out,2,Australia,Melbourne,2008-02-10,ODI ,2008,1
456,88,124,95,5,1,92.63,6,not out,1,Sri Lanka,Brisbane,2008-02-05,ODI ,2008,1
457,37,102,61,1,0,60.65,6,caught,1,Australia,Brisbane,2008-02-03,ODI ,2008,0
458,9,30,27,0,0,33.33,6,caught,1, Australia,Melbourne,2008-02-01,T20I,2008,0
459,16,75,64,1,0,25.0,7,caught,1, Australia,Adelaide,2008-01-24,Test,2008,0
460,20,58,44,3,0,45.45,7,caught,3, Australia,Adelaide,2008-01-24,Test,2008,0
461,19,84,52,2,0,36.53,7,lbw,1, Australia,Perth,2008-01-16,Test,2008,0
462,38,100,87,2,2,43.67,8,caught,3, Australia,Perth,2008-01-16,Test,2008,0
463,2,19,13,0,0,15.38,7,caught,2, Australia,Sydney,2008-01-02,Test,2008,0
464,35,117,82,6,0,42.68,7,lbw,4, Australia,Sydney,2008-01-02,Test,2008,0
465,0,2,2,0,0,0.0,7,lbw,2, Australia,Melbourne,2007-12-26,Test,2007,0
466,11,32,32,2,0,34.37,7,caught,4, Australia,Melbourne,2007-12-26,Test,2007,0
467,50,95,82,6,1,60.97,7,not out,1, Pakistan,Kolkata,2007-11-30,Test,2007,1
468,37,92,61,2,0,60.65,3,bowled,3, Pakistan,Kolkata,2007-11-30,Test,2007,0
469,57,124,93,8,0,61.29,7,caught,2, Pakistan,Delhi,2007-11-22,Test,2007,0
471,24,53,32,1,0,75.0,7,caught,2,Pakistan,Jaipur,2007-11-18,ODI ,2007,0
472,45,72,45,3,1,100.0,6,not out,2,Pakistan,Gwalior,2007-11-15,ODI ,2007,1
473,49,61,52,4,2,94.23,5,bowled,1,Pakistan,Kanpur,2007-11-11,ODI ,2007,0
474,4,24,10,0,0,40.0,6,caught,1,Pakistan,Mohali,2007-11-08,ODI ,2007,0
475,63,106,77,8,0,81.81,4,caught,2,Pakistan,Guwahati,2007-11-05,ODI ,2007,0
476,9,11,5,0,1,180.0,5,not out,2, Australia,Brabourne,2007-10-20,T20I,2007,1
477,5,22,11,1,0,45.45,6,caught,2,Australia,Wankhede,2007-10-17,ODI ,2007,0
478,26,44,29,2,1,89.65,6,caught,2,Australia,Nagpur,2007-10-14,ODI ,2007,0
479,4,12,7,1,0,57.14,6,caught,1,Australia,Vadodara,2007-10-11,ODI ,2007,0
480,50,59,35,5,1,142.85,4,not out,1,Australia,Chandigarh,2007-10-08,ODI ,2007,1
481,33,49,37,4,0,89.18,6,caught,2,Australia,Hyderabad (Deccan),2007-10-05,ODI ,2007,0
482,58,134,88,2,2,65.9,6,caught,2,Australia,Kochi,2007-10-02,ODI ,2007,0
484,6,9,10,0,0,60.0,5,bowled,1, Pakistan,Johannesburg,2007-09-24,T20I,2007,0
485,36,21,18,4,1,200.0,5,run out,1, Australia,Durban,2007-09-22,T20I,2007,0
486,45,39,33,4,1,136.36,6,run out,1, South Africa,Durban,2007-09-20,T20I,2007,0
487,10,22,8,0,0,125.0,4,not out,1, England,Durban,2007-09-19,T20I,2007,1
488,24,31,20,2,0,120.0,4,run out,2, New Zealand,Johannesburg,2007-09-16,T20I,2007,0
489,33,46,31,3,1,106.45,6,caught,1, Pakistan,Durban,2007-09-14,T20I,2007,0
491,50,98,72,4,1,69.44,7,caught,1,England,Lord's,2007-09-08,ODI ,2007,0
492,35,50,37,3,0,94.59,6,bowled,2,England,The Oval,2007-09-05,ODI ,2007,0
493,24,60,17,3,0,141.17,5,caught,1,England,Leeds,2007-09-02,ODI ,2007,0
494,13,33,18,1,0,72.22,6,bowled,1,England,Manchester,2007-08-30,ODI ,2007,0
495,13,30,20,0,0,65.0,6,caught,2,England,Birmingham,2007-08-27,ODI ,2007,0
496,21,31,18,3,0,116.66,5,caught,1,England,Bristol,2007-08-24,ODI ,2007,0
497,19,76,60,1,0,31.66,6,caught,2,England,Southampton,2007-08-21,ODI ,2007,0
499,92,120,81,9,4,113.58,7,caught,1, England,The Oval,2007-08-09,Test,2007,0
500,36,79,64,4,0,56.25,7,caught,3, England,The Oval,2007-08-09,Test,2007,0
501,5,11,6,1,0,83.33,7,caught,2, England,Nottingham,2007-07-27,Test,2007,0
503,0,15,5,0,0,0.0,8,caught,2, England,Lord's,2007-07-19,Test,2007,0
504,76,203,159,10,0,47.79,7,not out,4, England,Lord's,2007-07-19,Test,2007,1
505,14,27,11,2,0,127.27,6,not out,2,South Africa,Belfast,2007-07-01,ODI ,2007,1
506,0,3,4,0,0,0.0,5,bowled,2,South Africa,Belfast,2007-06-29,ODI ,2007,0
507,139,144,97,15,5,143.29,7,not out,1,Africa XI,Chennai,2007-06-10,ODI ,2007,1
508,33,56,38,2,2,86.84,4,bowled,1,Africa XI,Chennai,2007-06-09,ODI ,2007,0
509,2,13,4,0,0,50.0,7,run out,1,Africa XI,Bengaluru,2007-06-06,ODI ,2007,0
510,51,61,50,3,4,102.0,6,not out,1, Bangladesh,Mirpur,2007-05-25,Test,2007,1
511,36,81,38,6,0,94.73,6,caught,1, Bangladesh,Chattogram,2007-05-18,Test,2007,0
512,17,28,17,1,1,100.0,6,not out,3, Bangladesh,Chattogram,2007-05-18,Test,2007,1
513,36,73,54,4,0,66.66,3,caught,1,Bangladesh,Mirpur,2007-05-12,ODI ,2007,0
514,91,182,106,7,0,85.84,3,not out,2,Bangladesh,Mirpur,2007-05-10,ODI ,2007,1
515,0,3,1,0,0,0.0,7,lbw,2,Sri Lanka,Port of Spain,2007-03-23,ODI ,2007,0
516,29,34,25,2,1,116.0,4,caught,1,Bermuda,Port of Spain,2007-03-19,ODI ,2007,0
517,0,5,3,0,0,0.0,7,caught,1,Bangladesh,Port of Spain,2007-03-17,ODI ,2007,0
519,67,91,74,4,0,90.54,6,not out,2,Sri Lanka,Margao,2007-02-14,ODI ,2007,1
520,48,95,68,1,0,70.58,6,caught,2,Sri Lanka,Rajkot,2007-02-11,ODI ,2007,0
522,40,31,20,1,3,200.0,5,not out,1,West Indies,Vadodara,2007-01-31,ODI ,2007,1
523,6,26,19,0,0,31.57,6,caught,1,West Indies,Cuttack,2007-01-24,ODI ,2007,0
524,62,56,42,3,4,147.61,4,not out,1,West Indies,Nagpur,2007-01-21,ODI ,2007,1
525,34,72,39,7,0,87.17,7,caught,2, South Africa,Durban,2006-12-26,Test,2006,0
526,47,106,67,10,0,70.14,7,caught,4, South Africa,Durban,2006-12-26,Test,2006,0
527,5,23,20,0,0,25.0,7,caught,1, South Africa,Johannesburg,2006-12-15,Test,2006,0
528,18,35,25,3,0,72.0,7,caught,3, South Africa,Johannesburg,2006-12-15,Test,2006,0
529,44,75,49,2,2,89.79,5,caught,1,South Africa,Centurion,2006-12-03,ODI ,2006,0
530,0,8,2,0,0,0.0,4,bowled,2, South Africa,Johannesburg,2006-12-01,T20I,2006,0
531,26,36,21,4,1,123.8,6,caught,2,South Africa,Gqeberha,2006-11-29,ODI ,2006,0
532,55,61,48,3,4,114.58,6,caught,2,South Africa,Cape Town,2006-11-26,ODI ,2006,0
533,14,32,27,3,0,51.85,5,caught,2,South Africa,Durban,2006-11-22,ODI ,2006,0
534,28,44,23,2,0,121.73,6,lbw,1,Australia,Mohali,2006-10-29,ODI ,2006,0
535,51,82,65,1,2,78.46,6,run out,1,West Indies,Ahmedabad,2006-10-26,ODI ,2006,0
536,7,37,22,0,0,31.81,6,caught,2,England,Jaipur,2006-10-15,ODI ,2006,0
537,23,34,34,0,1,67.64,7,caught,2,Australia,Kuala Lumpur,2006-09-22,ODI ,2006,0
538,18,20,13,4,0,138.46,6,bowled,1,West Indies,Kuala Lumpur,2006-09-20,ODI ,2006,0
540,2,7,10,0,0,20.0,5,bowled,1,West Indies,Kuala Lumpur,2006-09-14,ODI ,2006,0
542,3,12,4,0,0,75.0,7,caught,1, West Indies,Kingston,2006-06-30,Test,2006,0
543,19,58,39,4,0,48.71,7,bowled,3, West Indies,Kingston,2006-06-30,Test,2006,0
544,29,104,56,5,0,51.78,7,lbw,2, West Indies,Basseterre,2006-06-22,Test,2006,0
545,20,43,32,0,2,62.5,5,caught,4, West Indies,Basseterre,2006-06-22,Test,2006,0
546,9,42,34,0,0,26.47,7,caught,1, West Indies,Gros Islet,2006-06-10,Test,2006,0
547,19,34,27,2,0,70.37,7,caught,1, West Indies,St John's,2006-06-02,Test,2006,0
548,69,51,52,4,6,132.69,7,caught,3, West Indies,St John's,2006-06-02,Test,2006,0
549,14,0,19,2,0,73.68,3,bowled,2,West Indies,Port of Spain,2006-05-28,ODI ,2006,0
550,46,0,58,6,0,79.31,6,not out,1,West Indies,Port of Spain,2006-05-26,ODI ,2006,1
551,15,0,26,1,0,57.69,5,run out,1,West Indies,Basseterre,2006-05-23,ODI ,2006,0
552,2,9,7,0,0,28.57,7,bowled,2,West Indies,Kingston,2006-05-20,ODI ,2006,0
553,18,19,11,2,1,163.63,6,caught,2,West Indies,Kingston,2006-05-18,ODI ,2006,0
554,59,80,72,5,0,81.94,3,bowled,1,Pakistan,Abu Dhabi,2006-04-19,ODI ,2006,0
555,3,11,10,0,0,30.0,7,bowled,1,Pakistan,Abu Dhabi,2006-04-18,ODI ,2006,0
556,96,174,106,10,3,90.56,2,caught,1,England,Jamshedpur,2006-04-12,ODI ,2006,0
557,10,20,13,1,0,76.92,7,not out,2,England,Kochi,2006-04-06,ODI ,2006,1
558,13,11,6,1,1,216.66,7,not out,1,England,Margao,2006-04-03,ODI ,2006,1
559,38,99,55,2,0,69.09,7,bowled,2,England,Faridabad,2006-03-31,ODI ,2006,0
560,20,55,28,2,0,71.42,8,caught,1,England,Delhi,2006-03-28,ODI ,2006,0
561,64,206,118,10,0,54.23,6,run out,2, England,Wankhede,2006-03-18,Test,2006,0
562,5,24,11,0,0,45.45,8,caught,4, England,Wankhede,2006-03-18,Test,2006,0
563,16,35,22,3,0,72.72,6,caught,2, England,Mohali,2006-03-09,Test,2006,0
565,5,14,10,1,0,50.0,7,caught,2, England,Nagpur,2006-03-01,Test,2006,0
566,16,44,21,1,0,76.19,5,caught,4, England,Nagpur,2006-03-01,Test,2006,0
567,77,88,56,6,4,137.5,4,not out,2,Pakistan,Karachi,2006-02-19,ODI ,2006,1
568,2,23,5,0,0,40.0,7,not out,2,Pakistan,Multan,2006-02-16,ODI ,2006,1
569,72,60,46,13,0,156.52,7,not out,2,Pakistan,Lahore,2006-02-13,ODI ,2006,1
571,68,68,53,11,1,128.3,4,caught,1,Pakistan,Peshawar,2006-02-06,ODI ,2006,0
572,13,30,13,3,0,100.0,7,caught,2, Pakistan,Karachi,2006-01-29,Test,2006,0
573,18,42,35,4,0,51.42,7,caught,4, Pakistan,Karachi,2006-01-29,Test,2006,0
574,148,229,153,19,4,96.73,6,stumped,2, Pakistan,Faisalabad,2006-01-21,Test,2006,0
577,49,100,62,7,0,79.03,7,lbw,1, Sri Lanka,Ahmedabad,2005-12-18,Test,2005,0
578,14,26,20,1,0,70.0,7,lbw,3, Sri Lanka,Ahmedabad,2005-12-18,Test,2005,0
579,5,19,12,1,0,41.66,7,bowled,1, Sri Lanka,Delhi,2005-12-10,Test,2005,0
580,51,83,51,5,2,100.0,8,not out,3, Sri Lanka,Delhi,2005-12-10,Test,2005,1
581,30,83,54,6,0,55.55,7,caught,1, Sri Lanka,Chennai,2005-12-02,Test,2005,0
582,12,37,26,1,0,46.15,6,caught,2,South Africa,Wankhede,2005-11-28,ODI ,2005,0
583,14,41,26,0,0,53.84,8,caught,1,South Africa,Kolkata,2005-11-25,ODI ,2005,0
585,17,39,28,1,0,60.71,8,run out,1,South Africa,Hyderabad (Deccan),2005-11-16,ODI ,2005,0
586,80,106,73,9,3,109.58,4,caught,2,Sri Lanka,Vadodara,2005-11-12,ODI ,2005,0
588,0,1,1,0,0,0.0,3,lbw,1,Sri Lanka,Ahmedabad,2005-11-06,ODI ,2005,0
589,45,65,43,1,2,104.65,6,not out,2,Sri Lanka,Pune,2005-11-03,ODI ,2005,1
590,183,210,145,15,10,126.2,3,not out,2,Sri Lanka,Jaipur,2005-10-31,ODI ,2005,1
592,38,33,28,3,2,135.71,6,caught,1,Sri Lanka,Nagpur,2005-10-25,ODI ,2005,0
593,11,26,16,1,0,68.75,7,lbw,1,New Zealand,Harare,2005-09-06,ODI ,2005,0
594,67,90,63,1,3,106.34,7,not out,2,Zimbabwe,Harare,2005-09-04,ODI ,2005,1
595,37,0,27,3,2,137.03,6,not out,2,New Zealand,Harare,2005-09-02,ODI ,2005,1
596,56,0,46,2,4,121.73,6,caught,1,Zimbabwe,Harare,2005-08-29,ODI ,2005,0
597,2,13,5,0,0,40.0,7,caught,2,New Zealand,Bulawayo,2005-08-26,ODI ,2005,0
598,7,11,11,0,0,63.63,6,lbw,2,Sri Lanka,Colombo (RPS),2005-08-09,ODI ,2005,0
599,28,17,13,1,2,215.38,7,not out,1,West Indies,Colombo (RPS),2005-08-07,ODI ,2005,1
600,20,35,27,1,0,74.07,4,caught,1,Sri Lanka,Dambulla,2005-08-03,ODI ,2005,0
601,15,22,11,1,1,136.36,6,not out,2,West Indies,Dambulla,2005-07-31,ODI ,2005,1
602,2,17,7,0,0,28.57,2,bowled,1,Sri Lanka,Dambulla,2005-07-30,ODI ,2005,0
603,24,71,38,2,0,63.15,3,caught,2,Pakistan,Delhi,2005-04-17,ODI ,2005,0
604,11,20,16,1,0,68.75,3,caught,1,Pakistan,Kanpur,2005-04-15,ODI ,2005,0
605,47,90,64,4,1,73.43,3,caught,1,Pakistan,Ahmedabad,2005-04-12,ODI ,2005,0
606,28,36,24,5,0,116.66,3,caught,2,Pakistan,Jamshedpur,2005-04-09,ODI ,2005,0
607,148,155,123,15,4,120.32,3,caught,1,Pakistan,Visakhapatnam,2005-04-05,ODI ,2005,0
608,3,8,7,0,0,42.85,7,caught,1,Pakistan,Kochi,2005-04-02,ODI ,2005,0
609,7,2,2,0,1,350.0,7,not out,1,Bangladesh,Dhaka,2004-12-27,ODI ,2004,1
610,12,16,11,2,0,109.09,7,caught,2,Bangladesh,Dhaka,2004-12-26,ODI ,2004,0
611,0,1,1,0,0,0.0,7,run out,1,Bangladesh,Chattogram,2004-12-23,ODI ,2004,0
